Datetime,Water Level (m)
2025-07-27 18:00:00,0.17763548
2025-07-27 19:00:00,0.5613363
2025-07-27 20:00:00,0.93731153
2025-07-27 21:00:00,1.2486272
2025-07-27 22:00:00,1.3385231
2025-07-27 23:00:00,1.1397946
2025-07-28 00:00:00,0.86522675
2025-07-28 01:00:00,0.59859324
2025-07-28 02:00:00,0.32191554
2025-07-28 03:00:00,0.065656126
2025-07-28 04:00:00,-0.1541554
2025-07-28 05:00:00,-0.1752553
2025-07-28 06:00:00,0.17091583
2025-07-28 07:00:00,0.580307
2025-07-28 08:00:00,1.0132618
2025-07-28 09:00:00,1.3853143
2025-07-28 10:00:00,1.4967313
2025-07-28 11:00:00,1.3621176
2025-07-28 12:00:00,1.0709182
2025-07-28 13:00:00,0.79343116
2025-07-28 14:00:00,0.50438166
2025-07-28 15:00:00,0.22902597
2025-07-28 16:00:00,-0.017011998
2025-07-28 17:00:00,-0.18084908
2025-07-28 18:00:00,-6.458536e-05
2025-07-28 19:00:00,0.36893672
2025-07-28 20:00:00,0.74776536
2025-07-28 21:00:00,1.1154107
2025-07-28 22:00:00,1.3500644
2025-07-28 23:00:00,1.279165
2025-07-29 00:00:00,1.004001
2025-07-29 01:00:00,0.7395892
2025-07-29 02:00:00,0.46775335
2025-07-29 03:00:00,0.20548868
2025-07-29 04:00:00,-0.028180687
2025-07-29 05:00:00,-0.17240438
2025-07-29 06:00:00,0.030748807
2025-07-29 07:00:00,0.40229368
2025-07-29 08:00:00,0.7986246
2025-07-29 09:00:00,1.1941911
2025-07-29 10:00:00,1.4641289
2025-07-29 11:00:00,1.4580418
2025-07-29 12:00:00,1.1879808
2025-07-29 13:00:00,0.9192154
2025-07-29 14:00:00,0.6435429
2025-07-29 15:00:00,0.3664558
2025-07-29 16:00:00,0.116154544
2025-07-29 17:00:00,-0.08805109
2025-07-29 18:00:00,-0.08732173
2025-07-29 19:00:00,0.2339074
2025-07-29 20:00:00,0.581486
2025-07-29 21:00:00,0.94304395
2025-07-29 22:00:00,1.2421461
2025-07-29 23:00:00,1.3436652
2025-07-30 00:00:00,1.139821
2025-07-30 01:00:00,0.8805376
2025-07-30 02:00:00,0.6300318
2025-07-30 03:00:00,0.36853406
2025-07-30 04:00:00,0.1284925
2025-07-30 05:00:00,-0.0661932
2025-07-30 06:00:00,-0.048306894
2025-07-30 07:00:00,0.27401507
2025-07-30 08:00:00,0.62259847
2025-07-30 09:00:00,0.98729384
2025-07-30 10:00:00,1.2972115
2025-07-30 11:00:00,1.4217227
2025-07-30 12:00:00,1.2454652
2025-07-30 13:00:00,0.9817442
2025-07-30 14:00:00,0.7200268
2025-07-30 15:00:00,0.45085505
2025-07-30 16:00:00,0.19586119
2025-07-30 17:00:00,-0.032160114
2025-07-30 18:00:00,-0.1697951
2025-07-30 19:00:00,0.018820873
2025-07-30 20:00:00,0.35498756
2025-07-30 21:00:00,0.69110626
2025-07-30 22:00:00,1.0104713
2025-07-30 23:00:00,1.2099657
2025-07-31 00:00:00,1.164369
2025-07-31 01:00:00,0.9229324
2025-07-31 02:00:00,0.69419265
2025-07-31 03:00:00,0.4566977
2025-07-31 04:00:00,0.22699097
2025-07-31 05:00:00,0.025259128
2025-07-31 06:00:00,-0.090405755
2025-07-31 07:00:00,0.10011755
2025-07-31 08:00:00,0.4166979
2025-07-31 09:00:00,0.7416438
2025-07-31 10:00:00,1.0534387
2025-07-31 11:00:00,1.2579637
2025-07-31 12:00:00,1.2277788
2025-07-31 13:00:00,0.9855069
2025-07-31 14:00:00,0.74667007
2025-07-31 15:00:00,0.49952847
2025-07-31 16:00:00,0.25735268
2025-07-31 17:00:00,0.03749602
2025-07-31 18:00:00,-0.12902144
2025-07-31 19:00:00,-0.09866041
2025-07-31 20:00:00,0.19024235
2025-07-31 21:00:00,0.48759297
2025-07-31 22:00:00,0.7935272
2025-07-31 23:00:00,1.0483785
2025-08-01 00:00:00,1.1597475
2025-08-01 01:00:00,1.0301733
2025-08-01 02:00:00,0.8063694
2025-08-01 03:00:00,0.5917534
2025-08-01 04:00:00,0.37023392
2025-08-01 05:00:00,0.165547
2025-08-01 06:00:00,0.008154885
2025-08-01 07:00:00,0.028257944
2025-08-01 08:00:00,0.29425776
2025-08-01 09:00:00,0.5730424
2025-08-01 10:00:00,0.85262823
2025-08-01 11:00:00,1.0788525
2025-08-01 12:00:00,1.1604245
2025-08-01 13:00:00,1.0048754
2025-08-01 14:00:00,0.7811356
2025-08-01 15:00:00,0.5595843
2025-08-01 16:00:00,0.33644623
2025-08-01 17:00:00,0.12703134
2025-08-01 18:00:00,-0.04909313
2025-08-01 19:00:00,-0.13150068
2025-08-01 20:00:00,0.035913084
2025-08-01 21:00:00,0.29334438
2025-08-01 22:00:00,0.56272334
2025-08-01 23:00:00,0.8254955
2025-08-02 00:00:00,1.0142534
2025-08-02 01:00:00,1.0577418
2025-08-02 02:00:00,0.8986487
2025-08-02 03:00:00,0.7068136
2025-08-02 04:00:00,0.5141958
2025-08-02 05:00:00,0.3265527
2025-08-02 06:00:00,0.16459435
2025-08-02 07:00:00,0.07379454
2025-08-02 08:00:00,0.185444
2025-08-02 09:00:00,0.4098959
2025-08-02 10:00:00,0.6316861
2025-08-02 11:00:00,0.8394377
2025-08-02 12:00:00,0.9783458
2025-08-02 13:00:00,0.9693139
2025-08-02 14:00:00,0.7938054
2025-08-02 15:00:00,0.6055954
2025-08-02 16:00:00,0.4124992
2025-08-02 17:00:00,0.22510895
2025-08-02 18:00:00,0.055251602
